"lpa","la_code","date","pension_credits","carers_allowance","income_support","jsa_fem","wave"
"Adur","E07000223","feb2013","2670","560","920","370","1"
"Adur","E07000223","feb2015","2330","640","570","170","2"
"Adur","E07000223","feb2016","2130","660","520","160","3"
"Allerdale","E07000026","feb2013","4220","1050","1430","640","1"
"Allerdale","E07000026","feb2015","3660","1150","920","380","2"
"Allerdale","E07000026","feb2016","3340","1250","750","220","3"
"Amber Valley","E07000032","feb2013","5050","1310","1800","810","1"
"Amber Valley","E07000032","feb2015","4360","1470","1280","430","2"
"Amber Valley","E07000032","feb2016","3970","1570","1170","310","3"
"Arun","E07000224","feb2013","7070","1140","2070","740","1"
"Arun","E07000224","feb2015","6270","1270","1360","380","2"
"Arun","E07000224","feb2016","5800","1340","1120","280","3"
"Ashfield","E07000170","feb2013","5210","1710","2540","1140","1"
"Ashfield","E07000170","feb2015","4590","2010","1910","700","2"
"Ashfield","E07000170","feb2016","4170","2200","1790","510","3"
"Ashford","E07000105","feb2013","3950","1130","1860","690","1"
"Ashford","E07000105","feb2015","3560","1280","1340","420","2"
"Ashford","E07000105","feb2016","3310","1410","1230","340","3"
"Aylesbury Vale","E07000004","feb2013","4080","1110","1500","680","1"
"Aylesbury Vale","E07000004","feb2015","3590","1230","1030","360","2"
"Aylesbury Vale","E07000004","feb2016","3290","1330","1030","270","3"
"Babergh","E07000200","feb2013","3170","640","880","470","1"
"Babergh","E07000200","feb2015","2790","730","620","170","2"
"Babergh","E07000200","feb2016","2550","740","530","160","3"
"Barking and Dagenham","E09000002","feb2013","7440","2480","6340","2980","1"
"Barking and Dagenham","E09000002","feb2015","6690","2830","3900","1500","2"
"Barking and Dagenham","E09000002","feb2016","6220","3050","3650","1240","3"
"Barnet","E09000003","feb2013","11090","2750","5610","2640","1"
"Barnet","E09000003","feb2015","10310","2970","3280","1590","2"
"Barnet","E09000003","feb2016","9810","3210","2800","1270","3"
"Barnsley","E08000016","feb2013","11480","3510","5240","2690","1"
"Barnsley","E08000016","feb2015","10050","4220","3630","1450","2"
"Barnsley","E08000016","feb2016","9170","4570","3360","1130","3"
"Barrow-in-Furness","E07000027","feb2013","3300","1030","1570","550","1"
"Barrow-in-Furness","E07000027","feb2015","2820","1060","990","340","2"
"Barrow-in-Furness","E07000027","feb2016","2550","1080","800","200","3"
"Basildon","E07000066","feb2013","6910","1950","3710","1790","1"
"Basildon","E07000066","feb2015","6010","2320","2500","950","2"
"Basildon","E07000066","feb2016","5540","2490","2330","640","3"
"Basingstoke and Deane","E07000084","feb2013","3820","1060","1870","810","1"
"Basingstoke and Deane","E07000084","feb2015","3370","1250","1280","370","2"
"Basingstoke and Deane","E07000084","feb2016","3070","1330","1140","350","3"
"Bassetlaw","E07000171","feb2013","4730","1310","1900","810","1"
"Bassetlaw","E07000171","feb2015","4120","1450","1320","450","2"
"Bassetlaw","E07000171","feb2016","3730","1570","1170","330","3"
"Bath and North East Somerset","E06000022","feb2013","5460","1110","2000","750","1"
"Bath and North East Somerset","E06000022","feb2015","4750","1240","1350","330","2"
"Bath and North East Somerset","E06000022","feb2016","4300","1340","1140","240","3"
"Bedford","E06000055","feb2013","5110","1410","2540","1460","1"
"Bedford","E06000055","feb2015","4430","1560","1800","850","2"
"Bedford","E06000055","feb2016","4080","1670","1630","710","3"
"Bexley","E09000004","feb2013","6670","2120","3990","1890","1"
"Bexley","E09000004","feb2015","5910","2470","2810","1030","2"
"Bexley","E09000004","feb2016","5420","2660","2600","820","3"
"Birmingham","E08000025","feb2013","52850","17040","29920","16680","1"
"Birmingham","E08000025","feb2015","46830","19650","21890","10840","2"
"Birmingham","E08000025","feb2016","43610","21060","20740","8480","3"
"Blaby","E07000129","feb2013","2870","670","840","440","1"
"Blaby","E07000129","feb2015","2470","720","570","180","2"
"Blaby","E07000129","feb2016","2230","780","520","150","3"
"Blackburn with Darwen","E06000008","feb2013","6740","2270","3440","1300","1"
"Blackburn with Darwen","E06000008","feb2015","6090","2630","2380","740","2"
"Blackburn with Darwen","E06000008","feb2016","5740","2870","2050","570","3"
"Blackpool","E06000009","feb2013","9600","2460","4220","1880","1"
"Blackpool","E06000009","feb2015","8590","2830","2910","1010","2"
"Blackpool","E06000009","feb2016","7900","2950","2490","560","3"
"Bolsover","E07000033","feb2013","3580","1140","1530","610","1"
"Bolsover","E07000033","feb2015","3110","1360","1110","300","2"
"Bolsover","E07000033","feb2016","2840","1460","990","220","3"
"Bolton","E08000001","feb2013","13120","3640","5930","2800","1"
"Bolton","E08000001","feb2015","11700","4230","4020","1520","2"
"Bolton","E08000001","feb2016","10890","4480","3430","1080","3"
"Boston","E07000136","feb2013","3170","650","930","480","1"
"Boston","E07000136","feb2015","2810","740","630","260","2"
"Boston","E07000136","feb2016","2620","790","570","190","3"
"Bournemouth","E06000028","feb2013","8440","1350","3140","1300","1"
"Bournemouth","E06000028","feb2015","7530","1600","1910","610","2"
"Bournemouth","E06000028","feb2016","7000","1690","1620","480","3"
"Bracknell Forest","E06000036","feb2013","2590","730","1240","560","1"
"Bracknell Forest","E06000036","feb2015","2240","800","860","280","2"
"Bracknell Forest","E06000036","feb2016","2080","820","760","220","3"
"Bradford","E08000032","feb2013","23160","7380","11770","6840","1"
"Bradford","E08000032","feb2015","20830","8870","8610","4250","2"
"Bradford","E08000032","feb2016","19250","9810","7960","3050","3"
"Braintree","E07000067","feb2013","5220","1320","2010","1040","1"
"Braintree","E07000067","feb2015","4530","1530","1450","480","2"
"Braintree","E07000067","feb2016","4170","1590","1280","360","3"
"Breckland","E07000143","feb2013","5650","1200","1640","810","1"
"Breckland","E07000143","feb2015","4950","1390","1110","360","2"
"Breckland","E07000143","feb2016","4540","1490","960","240","3"
"Brent","E09000005","feb2013","12110","3090","6600","3710","1"
"Brent","E09000005","feb2015","11430","3340","3780","2220","2"
"Brent","E09000005","feb2016","10940","3650","3280","1760","3"
"Brentwood","E07000068","feb2013","1990","430","720","360","1"
"Brentwood","E07000068","feb2015","1740","470","450","150","2"
"Brentwood","E07000068","feb2016","1600","480","440","110","3"
"Brighton and Hove","E06000043","feb2013","10390","2260","4870","2160","1"
"Brighton and Hove","E06000043","feb2015","9240","2530","2620","1220","2"
"Brighton and Hove","E06000043","feb2016","8620","2730","2350","900","3"
"Bristol","E06000023","feb2013","15640","4210","9950","3970","1"
"Bristol","E06000023","feb2015","13690","4850","6360","2030","2"
"Bristol","E06000023","feb2016","12520","5100","5630","1560","3"
"Broadland","E07000144","feb2013","4330","860","1090","500","1"
"Broadland","E07000144","feb2015","3770","980","750","230","2"
"Broadland","E07000144","feb2016","3380","1080","670","160","3"
"Bromley","E09000006","feb2013","8370","2430","4730","2150","1"
"Bromley","E09000006","feb2015","7460","2710","3150","1030","2"
"Bromley","E09000006","feb2016","6860","2910","2860","850","3"
"Bromsgrove","E07000234","feb2013","2930","630","830","440","1"
"Bromsgrove","E07000234","feb2015","2510","690","570","210","2"
"Bromsgrove","E07000234","feb2016","2300","700","560","180","3"
"Broxbourne","E07000095","feb2013","3040","870","1680","800","1"
"Broxbourne","E07000095","feb2015","2770","960","1130","390","2"
"Broxbourne","E07000095","feb2016","2550","1040","1010","290","3"
"Broxtowe","E07000172","feb2013","4160","940","1500","760","1"
"Broxtowe","E07000172","feb2015","3590","1080","1050","370","2"
"Broxtowe","E07000172","feb2016","3240","1170","890","290","3"
"Burnley","E07000117","feb2013","4480","1150","2230","940","1"
"Burnley","E07000117","feb2015","3940","1360","1530","460","2"
"Burnley","E07000117","feb2016","3660","1500","1330","320","3"
"Bury","E08000002","feb2013","7400","1920","3400","1570","1"
"Bury","E08000002","feb2015","6510","2270","2280","770","2"
"Bury","E08000002","feb2016","6000","2480","1940","600","3"
"Calderdale","E08000033","feb2013","8450","2090","3810","2170","1"
"Calderdale","E08000033","feb2015","7440","2440","2710","1110","2"
"Calderdale","E08000033","feb2016","6790","2680","2450","680","3"
"Cambridge","E07000008","feb2013","2680","580","1400","560","1"
"Cambridge","E07000008","feb2015","2340","660","840","260","2"
"Cambridge","E07000008","feb2016","2150","680","770","270","3"
"Camden","E09000007","feb2013","8310","2180","5740","1950","1"
"Camden","E09000007","feb2015","7790","2300","2970","1140","2"
"Camden","E09000007","feb2016","7500","2510","2580","1130","3"
"Cannock Chase","E07000192","feb2013","4300","1310","1740","760","1"
"Cannock Chase","E07000192","feb2015","3770","1420","1350","340","2"
"Cannock Chase","E07000192","feb2016","3430","1520","1250","240","3"
"Canterbury","E07000106","feb2013","5680","1430","2150","710","1"
"Canterbury","E07000106","feb2015","4910","1600","1500","420","2"
"Canterbury","E07000106","feb2016","4480","1680","1400","370","3"
"Carlisle","E07000028","feb2013","4140","1050","1710","730","1"
"Carlisle","E07000028","feb2015","3590","1140","1170","300","2"
"Carlisle","E07000028","feb2016","3280","1240","930","180","3"
"Castle Point","E07000069","feb2013","3920","840","1270","550","1"
"Castle Point","E07000069","feb2015","3410","960","860","290","2"
"Castle Point","E07000069","feb2016","3150","990","750","220","3"
"Central Bedfordshire","E06000056","feb2013","6940","1830","2880","1530","1"
"Central Bedfordshire","E06000056","feb2015","5970","2100","2130","610","2"
"Central Bedfordshire","E06000056","feb2016","5440","2270","1930","530","3"
"Charnwood","E07000130","feb2013","5210","1230","1950","890","1"
"Charnwood","E07000130","feb2015","4430","1420","1320","380","2"
"Charnwood","E07000130","feb2016","4040","1530","1140","270","3"
"Chelmsford","E07000070","feb2013","4380","1140","1840","1000","1"
"Chelmsford","E07000070","feb2015","3780","1290","1340","560","2"
"Chelmsford","E07000070","feb2016","3440","1340","1220","420","3"
"Cheltenham","E07000078","feb2013","3390","710","1520","770","1"
"Cheltenham","E07000078","feb2015","2940","780","980","320","2"
"Cheltenham","E07000078","feb2016","2710","800","830","200","3"
"Cherwell","E07000177","feb2013","3460","890","1460","510","1"
"Cherwell","E07000177","feb2015","3020","970","950","210","2"
"Cherwell","E07000177","feb2016","2730","1040","840","150","3"
"Cheshire East","E06000049","feb2013","11390","2700","3910","1860","1"
"Cheshire East","E06000049","feb2015","9940","3010","2650","760","2"
"Cheshire East","E06000049","feb2016","9140","3250","2210","510","3"
"Cheshire West and Chester","E06000050","feb2013","11810","3480","5030","2190","1"
"Cheshire West and Chester","E06000050","feb2015","10390","3920","3460","840","2"
"Cheshire West and Chester","E06000050","feb2016","9620","4180","2880","610","3"
"Chesterfield","E07000034","feb2013","5100","1330","2150","860","1"
"Chesterfield","E07000034","feb2015","4460","1510","1410","460","2"
"Chesterfield","E07000034","feb2016","4070","1650","1200","270","3"
"Chichester","E07000225","feb2013","4000","720","1120","490","1"
"Chichester","E07000225","feb2015","3520","800","800","230","2"
"Chichester","E07000225","feb2016","3250","860","710","220","3"
"Chiltern","E07000005","feb2013","1830","420","570","330","1"
"Chiltern","E07000005","feb2015","1590","490","410","140","2"
"Chiltern","E07000005","feb2016","1430","530","360","100","3"
"Chorley","E07000118","feb2013","3970","900","1440","590","1"
"Chorley","E07000118","feb2015","3450","980","1000","260","2"
"Chorley","E07000118","feb2016","3240","1080","840","220","3"
"Christchurch","E07000048","feb2013","2270","370","520","150","1"
"Christchurch","E07000048","feb2015","2010","370","330","100","2"
"Christchurch","E07000048","feb2016","1860","410","280","70","3"
"City of London","E09000001","feb2013","140","20","40","50","1"
"City of London","E09000001","feb2015","130","20","30","20","2"
"City of London","E09000001","feb2016","120","30","30","20","3"
"Colchester","E07000071","feb2013","5200","1420","2950","1130","1"
"Colchester","E07000071","feb2015","4660","1650","1970","530","2"
"Colchester","E07000071","feb2016","4290","1780","1730","460","3"
"Copeland","E07000029","feb2013","2810","910","1210","470","1"
"Copeland","E07000029","feb2015","2460","980","820","290","2"
"Copeland","E07000029","feb2016","2260","1060","670","190","3"
"Corby","E07000150","feb2013","2270","680","1360","760","1"
"Corby","E07000150","feb2015","1990","800","960","360","2"
"Corby","E07000150","feb2016","1820","900","870","250","3"
"Cornwall","E06000052","feb2013","27240","5860","8820","3380","1"
"Cornwall","E06000052","feb2015","24280","6450","5970","1720","2"
"Cornwall","E06000052","feb2016","22510","6790","5270","1320","3"
"Cotswold","E07000079","feb2013","2670","440","550","270","1"
"Cotswold","E07000079","feb2015","2340","470","410","120","2"
"Cotswold","E07000079","feb2016","2150","500","350","90","3"
"County Durham","E06000047","feb2013","27960","7290","10990","5210","1"
"County Durham","E06000047","feb2015","24490","8840","8350","2600","2"
"County Durham","E06000047","feb2016","22450","9500","7690","2210","3"
"Coventry","E08000026","feb2013","14230","3830","6860","3210","1"
"Coventry","E08000026","feb2015","12340","4450","5140","1710","2"
"Coventry","E08000026","feb2016","11220","4630","4690","1410","3"
"Craven","E07000163","feb2013","2080","340","390","210","1"
"Craven","E07000163","feb2015","1780","400","230","110","2"
"Craven","E07000163","feb2016","1620","430","180","70","3"
"Crawley","E07000226","feb2013","3100","860","1740","800","1"
"Crawley","E07000226","feb2015","2760","1020","1280","400","2"
"Crawley","E07000226","feb2016","2550","1090","1120","380","3"
"Croydon","E09000008","feb2013","10750","3410","8200","4010","1"
"Croydon","E09000008","feb2015","9880","3870","5620","1940","2"
"Croydon","E09000008","feb2016","9270","4070","4930","1910","3"
"Dacorum","E07000096","feb2013","3820","1010","1780","820","1"
"Dacorum","E07000096","feb2015","3330","1120","1260","450","2"
"Dacorum","E07000096","feb2016","3020","1230","1200","380","3"
"Darlington","E06000005","feb2013","5060","1180","2210","1180","1"
"Darlington","E06000005","feb2015","4390","1400","1680","660","2"
"Darlington","E06000005","feb2016","4060","1520","1510","570","3"
"Dartford","E07000107","feb2013","2620","880","1470","710","1"
"Dartford","E07000107","feb2015","2300","1010","1140","410","2"
"Dartford","E07000107","feb2016","2070","1120","1060","340","3"
"Daventry","E07000151","feb2013","2050","510","780","420","1"
"Daventry","E07000151","feb2015","1800","570","520","200","2"
"Daventry","E07000151","feb2016","1640","590","440","170","3"
"Derby","E06000015","feb2013","10130","2830","5210","2590","1"
"Derby","E06000015","feb2015","8950","3400","3750","1210","2"
"Derby","E06000015","feb2016","8340","3760","3390","890","3"
"Derbyshire Dales","E07000035","feb2013","2320","470","500","220","1"
"Derbyshire Dales","E07000035","feb2015","1990","510","330","110","2"
"Derbyshire Dales","E07000035","feb2016","1800","510","280","80","3"
"Doncaster","E08000017","feb2013","14490","3990","6340","3680","1"
"Doncaster","E08000017","feb2015","12570","4590","4740","2250","2"
"Doncaster","E08000017","feb2016","11490","5090","4410","1720","3"
"Dover","E07000108","feb2013","4930","1340","2060","890","1"
"Dover","E07000108","feb2015","4310","1520","1480","460","2"
"Dover","E07000108","feb2016","3920","1630","1340","430","3"
"Dudley","E08000027","feb2013","16030","4170","5590","3500","1"
"Dudley","E08000027","feb2015","13850","4700","4510","2020","2"
"Dudley","E08000027","feb2016","12640","5150","4360","1540","3"
"Ealing","E09000009","feb2013","11750","3140","6610","3410","1"
"Ealing","E09000009","feb2015","10870","3410","3790","2040","2"
"Ealing","E09000009","feb2016","10510","3640","3440","1720","3"
"East Cambridgeshire","E07000009","feb2013","2570","540","760","460","1"
"East Cambridgeshire","E07000009","feb2015","2220","580","550","180","2"
"East Cambridgeshire","E07000009","feb2016","2050","620","460","130","3"
"East Devon","E07000040","feb2013","5420","980","1210","440","1"
"East Devon","E07000040","feb2015","4750","1010","860","210","2"
"East Devon","E07000040","feb2016","4330","1040","740","210","3"
"East Dorset","E07000049","feb2013","3090","600","620","230","1"
"East Dorset","E07000049","feb2015","2670","620","480","130","2"
"East Dorset","E07000049","feb2016","2430","660","420","100","3"
"East Hampshire","E07000085","feb2013","2840","710","950","410","1"
"East Hampshire","E07000085","feb2015","2480","760","600","150","2"
"East Hampshire","E07000085","feb2016","2300","790","500","170","3"
"East Hertfordshire","E07000242","feb2013","3180","730","1110","650","1"
"East Hertfordshire","E07000242","feb2015","2810","800","810","290","2"
"East Hertfordshire","E07000242","feb2016","2610","890","710","240","3"
"East Lindsey","E07000137","feb2013","8800","2150","2580","1120","1"
"East Lindsey","E07000137","feb2015","7860","2520","1890","670","2"
"East Lindsey","E07000137","feb2016","7290","2780","1740","500","3"
"East Northamptonshire","E07000152","feb2013","3070","720","1020","550","1"
"East Northamptonshire","E07000152","feb2015","2630","790","680","230","2"
"East Northamptonshire","E07000152","feb2016","2400","840","620","180","3"
"East Riding of Yorkshire","E06000011","feb2013","14470","2840","3640","2210","1"
"East Riding of Yorkshire","E06000011","feb2015","12600","3110","2530","1260","2"
"East Riding of Yorkshire","E06000011","feb2016","11490","3340","2180","960","3"
"East Staffordshire","E07000193","feb2013","3860","1000","1650","780","1"
"East Staffordshire","E07000193","feb2015","3340","1110","1090","360","2"
"East Staffordshire","E07000193","feb2016","3020","1200","950","210","3"
"Eastbourne","E07000061","feb2013","4750","960","1800","730","1"
"Eastbourne","E07000061","feb2015","4260","1120","1180","420","2"
"Eastbourne","E07000061","feb2016","3910","1200","1100","330","3"
"Eastleigh","E07000086","feb2013","3200","820","1260","520","1"
"Eastleigh","E07000086","feb2015","2780","930","840","200","2"
"Eastleigh","E07000086","feb2016","2500","960","740","140","3"
"Eden","E07000030","feb2013","1580","330","400","140","1"
"Eden","E07000030","feb2015","1430","360","250","70","2"
"Eden","E07000030","feb2016","1300","370","200","50","3"
"Elmbridge","E07000207","feb2013","2650","620","960","420","1"
"Elmbridge","E07000207","feb2015","2390","650","670","160","2"
"Elmbridge","E07000207","feb2016","2200","730","600","160","3"
"Enfield","E09000010","feb2013","11260","3060","8580","4330","1"
"Enfield","E09000010","feb2015","10550","3580","5400","2360","2"
"Enfield","E09000010","feb2016","10000","3980","4770","1820","3"
"Epping Forest","E07000072","feb2013","4300","840","1590","930","1"
"Epping Forest","E07000072","feb2015","3860","980","1080","460","2"
"Epping Forest","E07000072","feb2016","3540","1040","940","410","3"
"Epsom and Ewell","E07000208","feb2013","1450","370","570","290","1"
"Epsom and Ewell","E07000208","feb2015","1290","410","400","120","2"
"Epsom and Ewell","E07000208","feb2016","1160","430","350","100","3"
"Erewash","E07000036","feb2013","4660","1120","1830","930","1"
"Erewash","E07000036","feb2015","4000","1270","1370","470","2"
"Erewash","E07000036","feb2016","3620","1390","1250","340","3"
"Exeter","E07000041","feb2013","4100","1040","1770","600","1"
"Exeter","E07000041","feb2015","3490","1130","1110","290","2"
"Exeter","E07000041","feb2016","3240","1170","980","230","3"
"Fareham","E07000087","feb2013","2900","650","930","420","1"
"Fareham","E07000087","feb2015","2490","680","560","180","2"
"Fareham","E07000087","feb2016","2250","740","490","170","3"
"Fenland","E07000010","feb2013","4730","1230","1670","790","1"
"Fenland","E07000010","feb2015","4130","1450","1300","320","2"
"Fenland","E07000010","feb2016","3800","1540","1180","290","3"
"Forest Heath","E07000201","feb2013","2130","380","640","340","1"
"Forest Heath","E07000201","feb2015","1840","410","450","110","2"
"Forest Heath","E07000201","feb2016","1690","460","400","90","3"
"Forest of Dean","E07000080","feb2013","3490","740","1100","460","1"
"Forest of Dean","E07000080","feb2015","3090","820","810","250","2"
"Forest of Dean","E07000080","feb2016","2810","900","680","180","3"
"Fylde","E07000119","feb2013","3250","650","800","330","1"
"Fylde","E07000119","feb2015","2890","780","570","210","2"
"Fylde","E07000119","feb2016","2670","840","460","130","3"
"Gateshead","E08000037","feb2013","11740","2510","4390","2200","1"
"Gateshead","E08000037","feb2015","10280","3000","3090","1220","2"
"Gateshead","E08000037","feb2016","9430","3320","2870","970","3"
"Gedling","E07000173","feb2013","4050","1140","1800","830","1"
"Gedling","E07000173","feb2015","3560","1250","1220","430","2"
"Gedling","E07000173","feb2016","3260","1350","1050","340","3"
"Gloucester","E07000081","feb2013","4300","1180","2350","1090","1"
"Gloucester","E07000081","feb2015","3780","1320","1640","530","2"
"Gloucester","E07000081","feb2016","3430","1380","1430","410","3"
"Gosport","E07000088","feb2013","2680","800","1420","500","1"
"Gosport","E07000088","feb2015","2430","940","1000","290","2"
"Gosport","E07000088","feb2016","2230","1010","900","230","3"
"Gravesham","E07000109","feb2013","3540","1210","1820","920","1"
"Gravesham","E07000109","feb2015","3100","1390","1340","540","2"
"Gravesham","E07000109","feb2016","2860","1510","1250","430","3"
"Great Yarmouth","E07000145","feb2013","5960","1520","2200","1330","1"
"Great Yarmouth","E07000145","feb2015","5210","1750","1570","650","2"
"Great Yarmouth","E07000145","feb2016","4820","1920","1550","580","3"
"Greenwich","E09000011","feb2013","8830","2840","7020","3060","1"
"Greenwich","E09000011","feb2015","8240","3270","4650","1770","2"
"Greenwich","E09000011","feb2016","7790","3510","4340","1600","3"
"Guildford","E07000209","feb2013","2640","770","1100","480","1"
"Guildford","E07000209","feb2015","2300","840","740","240","2"
"Guildford","E07000209","feb2016","2120","900","650","210","3"
"Hackney","E09000012","feb2013","10210","2840","7980","3970","1"
"Hackney","E09000012","feb2015","9570","3130","4380","2160","2"
"Hackney","E09000012","feb2016","9160","3480","4030","2030","3"
"Halton","E06000006","feb2013","5900","1990","3400","1380","1"
"Halton","E06000006","feb2015","5270","2370","2430","680","2"
"Halton","E06000006","feb2016","4900","2510","2080","450","3"
"Hambleton","E07000164","feb2013","2800","460","670","370","1"
"Hambleton","E07000164","feb2015","2500","550","480","170","2"
"Hambleton","E07000164","feb2016","2250","600","390","110","3"
"Hammersmith and Fulham","E09000013","feb2013","6340","1380","4060","1990","1"
"Hammersmith and Fulham","E09000013","feb2015","5870","1470","2220","1150","2"
"Hammersmith and Fulham","E09000013","feb2016","5560","1540","1950","950","3"
"Harborough","E07000131","feb2013","2310","400","600","290","1"
"Harborough","E07000131","feb2015","1980","480","420","100","2"
"Harborough","E07000131","feb2016","1830","510","370","70","3"
"Haringey","E09000014","feb2013","9830","2440","7080","3750","1"
"Haringey","E09000014","feb2015","9220","2780","4000","2170","2"
"Haringey","E09000014","feb2016","8800","3080","3490","1870","3"
"Harlow","E07000073","feb2013","3180","780","1790","930","1"
"Harlow","E07000073","feb2015","2820","880","1300","480","2"
"Harlow","E07000073","feb2016","2570","990","1190","380","3"
"Harrogate","E07000165","feb2013","4530","800","1310","520","1"
"Harrogate","E07000165","feb2015","4010","890","770","150","2"
"Harrogate","E07000165","feb2016","3680","970","590","120","3"
"Harrow","E09000015","feb2013","8010","2140","3150","1530","1"
"Harrow","E09000015","feb2015","7470","2260","1770","910","2"
"Harrow","E09000015","feb2016","7130","2350","1470","680","3"
"Hart","E07000089","feb2013","1470","390","500","240","1"
"Hart","E07000089","feb2015","1300","430","380","100","2"
"Hart","E07000089","feb2016","1180","450","330","90","3"
"Hartlepool","E06000001","feb2013","5740","1410","2600","1530","1"
"Hartlepool","E06000001","feb2015","5250","1830","1950","740","2"
"Hartlepool","E06000001","feb2016","4890","2050","1990","670","3"
"Hastings","E07000062","feb2013","4900","1250","2530","1000","1"
"Hastings","E07000062","feb2015","4390","1390","1680","570","2"
"Hastings","E07000062","feb2016","4110","1500","1560","430","3"
"Havant","E07000090","feb2013","5080","1380","2220","810","1"
"Havant","E07000090","feb2015","4480","1610","1620","470","2"
"Havant","E07000090","feb2016","4140","1740","1490","410","3"
"Havering","E09000016","feb2013","8300","2100","4140","2200","1"
"Havering","E09000016","feb2015","7240","2370","2860","1150","2"
"Havering","E09000016","feb2016","6630","2550","2640","1040","3"
"Herefordshire","E06000019","feb2013","7290","1470","2140","1000","1"
"Herefordshire","E06000019","feb2015","6460","1640","1350","370","2"
"Herefordshire","E06000019","feb2016","5970","1740","1180","280","3"
"Hertsmere","E07000098","feb2013","3020","700","1320","550","1"
"Hertsmere","E07000098","feb2015","2660","720","900","340","2"
"Hertsmere","E07000098","feb2016","2500","800","800","280","3"
"High Peak","E07000037","feb2013","3170","740","1130","580","1"
"High Peak","E07000037","feb2015","2770","860","810","290","2"
"High Peak","E07000037","feb2016","2540","900","680","180","3"
"Hillingdon","E09000017","feb2013","7690","2450","5040","2040","1"
"Hillingdon","E09000017","feb2015","7020","2760","3270","1140","2"
"Hillingdon","E09000017","feb2016","6610","2990","2900","1000","3"
"Hinckley and Bosworth","E07000132","feb2013","3710","880","1160","580","1"
"Hinckley and Bosworth","E07000132","feb2015","3160","980","800","280","2"
"Hinckley and Bosworth","E07000132","feb2016","2850","1030","700","240","3"
"Horsham","E07000227","feb2013","3100","670","1010","430","1"
"Horsham","E07000227","feb2015","2740","720","630","200","2"
"Horsham","E07000227","feb2016","2540","780","550","160","3"
"Hounslow","E09000018","feb2013","7870","2300","4780","1970","1"
"Hounslow","E09000018","feb2015","7290","2540","2920","1300","2"
"Hounslow","E09000018","feb2016","6940","2710","2680","850","3"
"Huntingdonshire","E07000011","feb2013","4370","1260","1750","860","1"
"Huntingdonshire","E07000011","feb2015","3860","1420","1260","310","2"
"Huntingdonshire","E07000011","feb2016","3530","1510","1080","250","3"
"Hyndburn","E07000120","feb2013","3860","1010","1930","620","1"
"Hyndburn","E07000120","feb2015","3380","1160","1270","320","2"
"Hyndburn","E07000120","feb2016","3110","1230","1040","220","3"
"Ipswich","E07000202","feb2013","5220","1550","2690","1260","1"
"Ipswich","E07000202","feb2015","4520","1670","1860","640","2"
"Ipswich","E07000202","feb2016","4100","1820","1710","510","3"
"Isle of Wight","E06000046","feb2013","7310","1590","2220","1290","1"
"Isle of Wight","E06000046","feb2015","6550","1820","1440","630","2"
"Isle of Wight","E06000046","feb2016","6040","1940","1380","500","3"
"Isles of Scilly","E06000053","feb2013","50","""~""","""~""","10","1"
"Isles of Scilly","E06000053","feb2015","40","""~""","""~""","""~""","2"
"Isles of Scilly","E06000053","feb2016","40","""~""","""~""","""~""","3"
"Islington","E09000019","feb2013","8990","2530","7020","2680","1"
"Islington","E09000019","feb2015","8200","2760","3980","1580","2"
"Islington","E09000019","feb2016","7830","2920","3570","1330","3"
"Kensington and Chelsea","E09000020","feb2013","5840","1000","2710","1190","1"
"Kensington and Chelsea","E09000020","feb2015","5480","1070","1400","710","2"
"Kensington and Chelsea","E09000020","feb2016","5230","1120","1190","600","3"
"Kettering","E07000153","feb2013","3320","810","1440","800","1"
"Kettering","E07000153","feb2015","2900","950","1040","400","2"
"Kettering","E07000153","feb2016","2680","1020","920","310","3"
"King`s Lynn and West Norfolk","E07000146","feb2013","7180","1690","2190","1020","1"
"King`s Lynn and West Norfolk","E07000146","feb2015","6360","1900","1510","420","2"
"King`s Lynn and West Norfolk","E07000146","feb2016","5820","2040","1420","370","3"
"Kingston upon Hull","E06000010","feb2013","15370","3710","7440","4740","1"
"Kingston upon Hull","E06000010","feb2015","13530","4320","5590","2690","2"
"Kingston upon Hull","E06000010","feb2016","12370","4680","5090","2220","3"
"Kingston upon Thames","E09000021","feb2013","3730","900","1640","790","1"
"Kingston upon Thames","E09000021","feb2015","3400","1030","1020","510","2"
"Kingston upon Thames","E09000021","feb2016","3170","1120","950","440","3"
"Kirklees","E08000034","feb2013","16780","4600","7500","4370","1"
"Kirklees","E08000034","feb2015","14760","5330","5500","2470","2"
"Kirklees","E08000034","feb2016","13510","5750","4960","1660","3"
"Knowsley","E08000011","feb2013","10280","3180","5870","2110","1"
"Knowsley","E08000011","feb2015","9200","3610","3970","1040","2"
"Knowsley","E08000011","feb2016","8600","3840","3350","620","3"
"Lambeth","E09000022","feb2013","10750","2650","8150","4730","1"
"Lambeth","E09000022","feb2015","9970","2880","4920","2680","2"
"Lambeth","E09000022","feb2016","9440","3020","4310","2350","3"
"Lancaster","E07000121","feb2013","6100","1370","2190","880","1"
"Lancaster","E07000121","feb2015","5360","1560","1600","460","2"
"Lancaster","E07000121","feb2016","4890","1650","1290","320","3"
"Leeds","E08000035","feb2013","29740","6630","13890","8020","1"
"Leeds","E08000035","feb2015","25660","7740","10190","4840","2"
"Leeds","E08000035","feb2016","23460","8390","9460","3780","3"
"Leicester","E06000016","feb2013","16210","4670","8050","4480","1"
"Leicester","E06000016","feb2015","14970","5190","5410","2320","2"
"Leicester","E06000016","feb2016","14150","5550","4910","1640","3"
"Lewes","E07000063","feb2013","3820","730","1260","510","1"
"Lewes","E07000063","feb2015","3380","840","820","290","2"
"Lewes","E07000063","feb2016","3140","900","700","170","3"
"Lewisham","E09000023","feb2013","9370","2800","8060","3950","1"
"Lewisham","E09000023","feb2015","8460","3170","5240","2270","2"
"Lewisham","E09000023","feb2016","7940","3400","4750","2020","3"
"Lichfield","E07000194","feb2013","3580","860","1120","510","1"
"Lichfield","E07000194","feb2015","3060","950","800","150","2"
"Lichfield","E07000194","feb2016","2780","1010","720","120","3"
"Lincoln","E07000138","feb2013","3970","1210","1960","1020","1"
"Lincoln","E07000138","feb2015","3500","1360","1450","580","2"
"Lincoln","E07000138","feb2016","3220","1490","1320","440","3"
"Liverpool","E08000012","feb2013","29770","8290","16520","6740","1"
"Liverpool","E08000012","feb2015","26880","9600","10820","3690","2"
"Liverpool","E08000012","feb2016","25130","10230","9500","2130","3"
"Luton","E06000032","feb2013","6970","2480","3870","2160","1"
"Luton","E06000032","feb2015","6360","2740","2640","1200","2"
"Luton","E06000032","feb2016","5980","3000","2500","1030","3"
"Maidstone","E07000110","feb2013","4670","1360","2060","880","1"
"Maidstone","E07000110","feb2015","4120","1470","1560","490","2"
"Maidstone","E07000110","feb2016","3800","1590","1440","380","3"
"Maldon","E07000074","feb2013","2350","540","650","310","1"
"Maldon","E07000074","feb2015","2050","630","410","160","2"
"Maldon","E07000074","feb2016","1880","690","400","100","3"
"Malvern Hills","E07000235","feb2013","2920","610","800","320","1"
"Malvern Hills","E07000235","feb2015","2600","650","540","160","2"
"Malvern Hills","E07000235","feb2016","2390","690","470","120","3"
"Manchester","E08000003","feb2013","23610","7310","15970","6520","1"
"Manchester","E08000003","feb2015","21180","8570","10850","3080","2"
"Manchester","E08000003","feb2016","19870","9210","9600","2310","3"
"Mansfield","E07000174","feb2013","4500","1540","2400","1000","1"
"Mansfield","E07000174","feb2015","3980","1810","1700","580","2"
"Mansfield","E07000174","feb2016","3690","1970","1530","390","3"
"Medway","E06000035","feb2013","8810","3390","5230","2340","1"
"Medway","E06000035","feb2015","7790","3920","4040","1400","2"
"Medway","E06000035","feb2016","7170","4240","3740","1150","3"
"Melton","E07000133","feb2013","1470","370","500","280","1"
"Melton","E07000133","feb2015","1230","400","350","130","2"
"Melton","E07000133","feb2016","1140","410","310","100","3"
"Mendip","E07000187","feb2013","4040","890","1490","400","1"
"Mendip","E07000187","feb2015","3520","960","950","240","2"
"Mendip","E07000187","feb2016","3220","1020","820","180","3"
"Merton","E09000024","feb2013","5310","1390","2670","1520","1"
"Merton","E09000024","feb2015","4780","1560","1790","950","2"
"Merton","E09000024","feb2016","4480","1690","1690","830","3"
"Mid Devon","E07000042","feb2013","2940","670","930","310","1"
"Mid Devon","E07000042","feb2015","2600","760","670","190","2"
"Mid Devon","E07000042","feb2016","2360","790","540","180","3"
"Mid Suffolk","E07000203","feb2013","3160","630","760","410","1"
"Mid Suffolk","E07000203","feb2015","2750","700","560","210","2"
"Mid Suffolk","E07000203","feb2016","2540","760","490","150","3"
"Mid Sussex","E07000228","feb2013","3180","660","1010","340","1"
"Mid Sussex","E07000228","feb2015","2830","710","670","160","2"
"Mid Sussex","E07000228","feb2016","2610","760","590","150","3"
"Middlesbrough","E06000002","feb2013","7740","2560","4590","2280","1"
"Middlesbrough","E06000002","feb2015","6840","3010","3650","1100","2"
"Middlesbrough","E06000002","feb2016","6410","3230","3490","1160","3"
"Milton Keynes","E06000042","feb2013","6830","2070","3960","2100","1"
"Milton Keynes","E06000042","feb2015","6130","2300","2650","1050","2"
"Milton Keynes","E06000042","feb2016","5660","2460","2490","850","3"
"Mole Valley","E07000210","feb2013","1910","400","590","230","1"
"Mole Valley","E07000210","feb2015","1680","430","380","100","2"
"Mole Valley","E07000210","feb2016","1560","460","320","110","3"
"New Forest","E07000091","feb2013","5900","1230","1840","640","1"
"New Forest","E07000091","feb2015","5150","1400","1230","290","2"
"New Forest","E07000091","feb2016","4730","1490","1080","220","3"
"Newark and Sherwood","E07000175","feb2013","4170","1330","1810","740","1"
"Newark and Sherwood","E07000175","feb2015","3540","1520","1290","400","2"
"Newark and Sherwood","E07000175","feb2016","3300","1640","1190","340","3"
"Newcastle upon Tyne","E08000021","feb2013","13930","3770","6890","3080","1"
"Newcastle upon Tyne","E08000021","feb2015","12230","4510","5010","1730","2"
"Newcastle upon Tyne","E08000021","feb2016","11240","4840","4560","1420","3"
"Newcastle-under-Lyme","E07000195","feb2013","5080","1170","1680","790","1"
"Newcastle-under-Lyme","E07000195","feb2015","4400","1330","1230","370","2"
"Newcastle-under-Lyme","E07000195","feb2016","3980","1440","1140","280","3"
"Newham","E09000025","feb2013","11510","3960","7820","4450","1"
"Newham","E09000025","feb2015","10840","4280","4200","2380","2"
"Newham","E09000025","feb2016","10320","4580","3760","1900","3"
"North Devon","E07000043","feb2013","4410","920","1260","450","1"
"North Devon","E07000043","feb2015","3890","1030","840","180","2"
"North Devon","E07000043","feb2016","3530","1080","790","200","3"
"North Dorset","E07000050","feb2013","2270","470","600","170","1"
"North Dorset","E07000050","feb2015","2010","570","440","100","2"
"North Dorset","E07000050","feb2016","1840","610","410","60","3"
"North East Derbyshire","E07000038","feb2013","4420","1060","1360","610","1"
"North East Derbyshire","E07000038","feb2015","3900","1220","890","330","2"
"North East Derbyshire","E07000038","feb2016","3540","1330","800","210","3"
"North East Lincolnshire","E06000012","feb2013","8400","2190","3940","2250","1"
"North East Lincolnshire","E06000012","feb2015","7340","2490","3180","1290","2"
"North East Lincolnshire","E06000012","feb2016","6740","2710","2870","1000","3"
"North Hertfordshire","E07000099","feb2013","3740","940","1470","720","1"
"North Hertfordshire","E07000099","feb2015","3210","1090","1070","380","2"
"North Hertfordshire","E07000099","feb2016","2930","1150","930","360","3"
"North Kesteven","E07000139","feb2013","4150","970","980","480","1"
"North Kesteven","E07000139","feb2015","3650","1070","750","240","2"
"North Kesteven","E07000139","feb2016","3300","1170","630","190","3"
"North Lincolnshire","E06000013","feb2013","7520","1840","2770","1740","1"
"North Lincolnshire","E06000013","feb2015","6560","2150","2100","860","2"
"North Lincolnshire","E06000013","feb2016","6000","2380","1850","710","3"
"North Norfolk","E07000147","feb2013","5550","910","1270","550","1"
"North Norfolk","E07000147","feb2015","4800","1040","850","230","2"
"North Norfolk","E07000147","feb2016","4370","1120","740","150","3"
"North Somerset","E06000024","feb2013","7920","1470","2730","1130","1"
"North Somerset","E06000024","feb2015","6970","1730","1810","500","2"
"North Somerset","E06000024","feb2016","6320","1810","1500","310","3"
"North Tyneside","E08000022","feb2013","10670","2260","3850","1900","1"
"North Tyneside","E08000022","feb2015","9180","2670","2800","1000","2"
"North Tyneside","E08000022","feb2016","8380","2900","2610","930","3"
"North Warwickshire","E07000218","feb2013","2570","630","790","350","1"
"North Warwickshire","E07000218","feb2015","2200","660","590","140","2"
"North Warwickshire","E07000218","feb2016","2020","710","560","120","3"
"North West Leicestershire","E07000134","feb2013","3210","920","1210","600","1"
"North West Leicestershire","E07000134","feb2015","2720","1060","880","300","2"
"North West Leicestershire","E07000134","feb2016","2470","1110","790","160","3"
"Northampton","E07000154","feb2013","7280","1930","4050","2050","1"
"Northampton","E07000154","feb2015","6440","2210","2730","1180","2"
"Northampton","E07000154","feb2016","5960","2360","2390","960","3"
"Northumberland","E06000057","feb2013","13980","3560","5080","2910","1"
"Northumberland","E06000057","feb2015","12100","4120","3900","1650","2"
"Northumberland","E06000057","feb2016","11060","4460","3620","1610","3"
"Norwich","E07000148","feb2013","6330","1430","2980","1340","1"
"Norwich","E07000148","feb2015","5530","1610","1960","670","2"
"Norwich","E07000148","feb2016","5140","1720","1730","430","3"
"Nottingham","E06000018","feb2013","13280","4110","9500","4670","1"
"Nottingham","E06000018","feb2015","11780","4820","6570","2870","2"
"Nottingham","E06000018","feb2016","10850","5260","5910","2240","3"
"Nuneaton and Bedworth","E07000219","feb2013","5150","1460","2370","1000","1"
"Nuneaton and Bedworth","E07000219","feb2015","4480","1710","1800","610","2"
"Nuneaton and Bedworth","E07000219","feb2016","4130","1850","1620","490","3"
"Oadby and Wigston","E07000135","feb2013","2040","460","580","340","1"
"Oadby and Wigston","E07000135","feb2015","1770","530","430","150","2"
"Oadby and Wigston","E07000135","feb2016","1600","580","400","120","3"
"Oldham","E08000004","feb2013","10210","3040","5220","2810","1"
"Oldham","E08000004","feb2015","9000","3650","3780","1030","2"
"Oldham","E08000004","feb2016","8290","3970","3310","960","3"
"Oxford","E07000178","feb2013","3520","970","2120","820","1"
"Oxford","E07000178","feb2015","3080","1070","1380","340","2"
"Oxford","E07000178","feb2016","2830","1130","1200","260","3"
"Pendle","E07000122","feb2013","4500","1180","1800","660","1"
"Pendle","E07000122","feb2015","3960","1360","1090","300","2"
"Pendle","E07000122","feb2016","3700","1480","950","260","3"
"Peterborough","E06000031","feb2013","6840","2320","4030","2350","1"
"Peterborough","E06000031","feb2015","6140","2710","2880","1060","2"
"Peterborough","E06000031","feb2016","5790","2960","2570","630","3"
"Plymouth","E06000026","feb2013","10560","3260","5460","1940","1"
"Plymouth","E06000026","feb2015","9330","3810","3670","1100","2"
"Plymouth","E06000026","feb2016","8700","4040","3220","1180","3"
"Poole","E06000029","feb2013","5840","1200","1990","670","1"
"Poole","E06000029","feb2015","5090","1310","1340","400","2"
"Poole","E06000029","feb2016","4680","1400","1200","310","3"
"Portsmouth","E06000044","feb2013","7600","1890","4040","1820","1"
"Portsmouth","E06000044","feb2015","6730","2170","2820","990","2"
"Portsmouth","E06000044","feb2016","6310","2380","2640","720","3"
"Preston","E07000123","feb2013","5620","1700","2910","1060","1"
"Preston","E07000123","feb2015","5040","2010","2110","500","2"
"Preston","E07000123","feb2016","4720","2130","1750","410","3"
"Purbeck","E07000051","feb2013","1820","350","450","160","1"
"Purbeck","E07000051","feb2015","1600","390","320","80","2"
"Purbeck","E07000051","feb2016","1460","410","300","60","3"
"Reading","E06000038","feb2013","4640","1230","2710","1240","1"
"Reading","E06000038","feb2015","4160","1420","1930","560","2"
"Reading","E06000038","feb2016","3920","1490","1720","490","3"
"Redbridge","E09000026","feb2013","9200","2750","4780","2700","1"
"Redbridge","E09000026","feb2015","8540","3000","2840","1370","2"
"Redbridge","E09000026","feb2016","8070","3120","2410","1130","3"
"Redcar and Cleveland","E06000003","feb2013","7500","2090","3410","1790","1"
"Redcar and Cleveland","E06000003","feb2015","6680","2540","2610","1010","2"
"Redcar and Cleveland","E06000003","feb2016","6180","2740","2420","860","3"
"Redditch","E07000236","feb2013","3240","960","1420","700","1"
"Redditch","E07000236","feb2015","2830","1050","1050","310","2"
"Redditch","E07000236","feb2016","2600","1100","970","260","3"
"Reigate and Banstead","E07000211","feb2013","2970","790","1420","610","1"
"Reigate and Banstead","E07000211","feb2015","2580","890","970","320","2"
"Reigate and Banstead","E07000211","feb2016","2390","930","830","230","3"
"Ribble Valley","E07000124","feb2013","1560","280","380","160","1"
"Ribble Valley","E07000124","feb2015","1380","330","230","70","2"
"Ribble Valley","E07000124","feb2016","1240","360","180","60","3"
"Richmond upon Thames","E09000027","feb2013","3980","820","1720","820","1"
"Richmond upon Thames","E09000027","feb2015","3540","910","1010","490","2"
"Richmond upon Thames","E09000027","feb2016","3310","970","900","450","3"
"Richmondshire","E07000166","feb2013","1330","330","370","240","1"
"Richmondshire","E07000166","feb2015","1130","350","290","80","2"
"Richmondshire","E07000166","feb2016","1060","360","250","60","3"
"Rochdale","E08000005","feb2013","10370","3090","5440","2490","1"
"Rochdale","E08000005","feb2015","9290","3630","3640","1070","2"
"Rochdale","E08000005","feb2016","8590","3840","3190","850","3"
"Rochford","E07000075","feb2013","2840","580","740","430","1"
"Rochford","E07000075","feb2015","2470","640","560","200","2"
"Rochford","E07000075","feb2016","2270","690","470","130","3"
"Rossendale","E07000125","feb2013","3070","700","1250","460","1"
"Rossendale","E07000125","feb2015","2690","820","870","250","2"
"Rossendale","E07000125","feb2016","2500","880","730","210","3"
"Rother","E07000064","feb2013","4460","840","1270","490","1"
"Rother","E07000064","feb2015","3910","970","860","260","2"
"Rother","E07000064","feb2016","3620","1020","770","180","3"
"Rotherham","E08000018","feb2013","12880","4080","5670","2880","1"
"Rotherham","E08000018","feb2015","11240","4700","4200","1790","2"
"Rotherham","E08000018","feb2016","10220","5160","3860","1350","3"
"Rugby","E07000220","feb2013","3030","730","1160","540","1"
"Rugby","E07000220","feb2015","2600","830","900","260","2"
"Rugby","E07000220","feb2016","2410","860","760","190","3"
"Runnymede","E07000212","feb2013","2040","490","710","300","1"
"Runnymede","E07000212","feb2015","1790","590","560","140","2"
"Runnymede","E07000212","feb2016","1640","620","500","140","3"
"Rushcliffe","E07000176","feb2013","2970","580","820","460","1"
"Rushcliffe","E07000176","feb2015","2540","700","570","230","2"
"Rushcliffe","E07000176","feb2016","2310","740","490","190","3"
"Rushmoor","E07000092","feb2013","2970","680","1070","570","1"
"Rushmoor","E07000092","feb2015","3020","790","770","230","2"
"Rushmoor","E07000092","feb2016","2970","830","690","210","3"
"Rutland","E06000017","feb2013","970","180","270","120","1"
"Rutland","E06000017","feb2015","840","200","160","50","2"
"Rutland","E06000017","feb2016","780","230","130","40","3"
"Ryedale","E07000167","feb2013","2040","360","420","290","1"
"Ryedale","E07000167","feb2015","1810","400","320","110","2"
"Ryedale","E07000167","feb2016","1680","430","270","90","3"
"Salford","E08000006","feb2013","12040","3100","6370","2660","1"
"Salford","E08000006","feb2015","10540","3730","4370","1120","2"
"Salford","E08000006","feb2016","9660","4030","3890","930","3"
"Sandwell","E08000028","feb2013","18740","4940","7920","4920","1"
"Sandwell","E08000028","feb2015","16460","5680","6340","2720","2"
"Sandwell","E08000028","feb2016","15080","6220","6110","2230","3"
"Scarborough","E07000168","feb2013","6060","1220","1840","980","1"
"Scarborough","E07000168","feb2015","5380","1360","1220","490","2"
"Scarborough","E07000168","feb2016","4990","1490","1080","390","3"
"Sedgemoor","E07000188","feb2013","4810","1090","1810","750","1"
"Sedgemoor","E07000188","feb2015","4190","1230","1290","420","2"
"Sedgemoor","E07000188","feb2016","3900","1310","1180","310","3"
"Sefton","E08000014","feb2013","15340","3580","5900","2660","1"
"Sefton","E08000014","feb2015","13620","4060","4070","1180","2"
"Sefton","E08000014","feb2016","12660","4350","3390","840","3"
"Selby","E07000169","feb2013","2530","570","710","520","1"
"Selby","E07000169","feb2015","2210","680","560","320","2"
"Selby","E07000169","feb2016","2020","740","550","250","3"
"Sevenoaks","E07000111","feb2013","3050","850","1230","430","1"
"Sevenoaks","E07000111","feb2015","2630","940","940","230","2"
"Sevenoaks","E07000111","feb2016","2380","1020","840","190","3"
"Sheffield","E08000019","feb2013","26160","6680","10930","5360","1"
"Sheffield","E08000019","feb2015","22780","7830","8080","3420","2"
"Sheffield","E08000019","feb2016","20850","8850","7610","2980","3"
"Shepway","E07000112","feb2013","5230","1320","2310","930","1"
"Shepway","E07000112","feb2015","4630","1550","1640","480","2"
"Shepway","E07000112","feb2016","4370","1680","1490","460","3"
"Shropshire","E06000051","feb2013","12590","2460","3300","1680","1"
"Shropshire","E06000051","feb2015","11170","2760","2450","810","2"
"Shropshire","E06000051","feb2016","10260","2900","2170","490","3"
"Slough","E06000039","feb2013","4180","1260","2520","1320","1"
"Slough","E06000039","feb2015","3840","1370","1580","660","2"
"Slough","E06000039","feb2016","3640","1480","1420","470","3"
"Solihull","E08000029","feb2013","7560","1950","3210","1540","1"
"Solihull","E08000029","feb2015","6560","2290","2500","800","2"
"Solihull","E08000029","feb2016","6000","2430","2320","620","3"
"South Bucks","E07000006","feb2013","1470","360","520","250","1"
"South Bucks","E07000006","feb2015","1300","380","370","130","2"
"South Bucks","E07000006","feb2016","1180","390","350","100","3"
"South Cambridgeshire","E07000012","feb2013","3220","770","1060","450","1"
"South Cambridgeshire","E07000012","feb2015","2770","840","680","190","2"
"South Cambridgeshire","E07000012","feb2016","2520","890","620","190","3"
"South Derbyshire","E07000039","feb2013","2750","810","1090","510","1"
"South Derbyshire","E07000039","feb2015","2430","970","840","180","2"
"South Derbyshire","E07000039","feb2016","2180","1070","780","110","3"
"South Gloucestershire","E06000025","feb2013","7250","1740","2820","1280","1"
"South Gloucestershire","E06000025","feb2015","6270","1940","2000","630","2"
"South Gloucestershire","E06000025","feb2016","5700","2130","1730","560","3"
"South Hams","E07000044","feb2013","3310","640","830","260","1"
"South Hams","E07000044","feb2015","2880","700","510","140","2"
"South Hams","E07000044","feb2016","2680","730","420","110","3"
"South Holland","E07000140","feb2013","4140","820","1040","560","1"
"South Holland","E07000140","feb2015","3550","950","790","290","2"
"South Holland","E07000140","feb2016","3190","1040","710","220","3"
"South Kesteven","E07000141","feb2013","4760","1080","1620","760","1"
"South Kesteven","E07000141","feb2015","4120","1230","1250","410","2"
"South Kesteven","E07000141","feb2016","3730","1340","1080","300","3"
"South Lakeland","E07000031","feb2013","3410","580","660","270","1"
"South Lakeland","E07000031","feb2015","2930","640","420","110","2"
"South Lakeland","E07000031","feb2016","2660","660","290","90","3"
"South Norfolk","E07000149","feb2013","4420","910","1170","510","1"
"South Norfolk","E07000149","feb2015","3910","1050","830","270","2"
"South Norfolk","E07000149","feb2016","3620","1110","720","160","3"
"South Northamptonshire","E07000155","feb2013","2100","450","460","250","1"
"South Northamptonshire","E07000155","feb2015","1820","510","310","120","2"
"South Northamptonshire","E07000155","feb2016","1660","530","270","110","3"
"South Oxfordshire","E07000179","feb2013","2910","660","1030","440","1"
"South Oxfordshire","E07000179","feb2015","2550","730","670","160","2"
"South Oxfordshire","E07000179","feb2016","2320","770","600","150","3"
"South Ribble","E07000126","feb2013","3620","910","1270","520","1"
"South Ribble","E07000126","feb2015","3170","1030","930","230","2"
"South Ribble","E07000126","feb2016","2890","1080","780","170","3"
"South Somerset","E07000189","feb2013","6190","1270","1910","540","1"
"South Somerset","E07000189","feb2015","5370","1410","1290","270","2"
"South Somerset","E07000189","feb2016","4860","1530","1060","250","3"
"South Staffordshire","E07000196","feb2013","4420","910","1050","570","1"
"South Staffordshire","E07000196","feb2015","3810","1060","810","320","2"
"South Staffordshire","E07000196","feb2016","3490","1120","740","250","3"
"South Tyneside","E08000023","feb2013","10030","2140","3830","2410","1"
"South Tyneside","E08000023","feb2015","8780","2550","3040","1340","2"
"South Tyneside","E08000023","feb2016","8060","2780","2850","1400","3"
"Southampton","E06000045","feb2013","8700","2320","4950","1830","1"
"Southampton","E06000045","feb2015","7740","2660","3290","880","2"
"Southampton","E06000045","feb2016","7100","2830","3000","670","3"
"Southend-on-Sea","E06000033","feb2013","7630","1700","3800","1650","1"
"Southend-on-Sea","E06000033","feb2015","6780","1930","2480","860","2"
"Southend-on-Sea","E06000033","feb2016","6350","2060","2200","620","3"
"Southwark","E09000028","feb2013","10580","2840","8600","4200","1"
"Southwark","E09000028","feb2015","9800","3190","5220","2450","2"
"Southwark","E09000028","feb2016","9320","3370","4600","2030","3"
"Spelthorne","E07000213","feb2013","2310","720","1190","460","1"
"Spelthorne","E07000213","feb2015","2010","770","840","210","2"
"Spelthorne","E07000213","feb2016","1890","830","820","230","3"
"St Albans","E07000240","feb2013","2780","780","1270","550","1"
"St Albans","E07000240","feb2015","2420","820","820","270","2"
"St Albans","E07000240","feb2016","2200","870","690","200","3"
"St Edmundsbury","E07000204","feb2013","3490","740","1140","560","1"
"St Edmundsbury","E07000204","feb2015","3050","830","830","270","2"
"St Edmundsbury","E07000204","feb2016","2760","860","720","160","3"
"St. Helens","E08000013","feb2013","8970","2940","4700","1830","1"
"St. Helens","E08000013","feb2015","7950","3440","3390","920","2"
"St. Helens","E08000013","feb2016","7360","3750","2840","530","3"
"Stafford","E07000197","feb2013","3980","950","1360","610","1"
"Stafford","E07000197","feb2015","3380","1100","1020","240","2"
"Stafford","E07000197","feb2016","3130","1170","920","230","3"
"Staffordshire Moorlands","E07000198","feb2013","3710","740","940","410","1"
"Staffordshire Moorlands","E07000198","feb2015","3190","840","680","170","2"
"Staffordshire Moorlands","E07000198","feb2016","2890","910","560","140","3"
"Stevenage","E07000243","feb2013","2910","910","1630","760","1"
"Stevenage","E07000243","feb2015","2520","1080","1160","410","2"
"Stevenage","E07000243","feb2016","2260","1140","1010","340","3"
"Stockport","E08000007","feb2013","10890","2710","4330","1820","1"
"Stockport","E08000007","feb2015","9640","3170","2990","940","2"
"Stockport","E08000007","feb2016","8900","3360","2530","650","3"
"Stockton-on-Tees","E06000004","feb2013","8460","2590","4120","2150","1"
"Stockton-on-Tees","E06000004","feb2015","7500","3030","3290","1200","2"
"Stockton-on-Tees","E06000004","feb2016","6930","3310","3090","1090","3"
"Stoke-on-Trent","E06000021","feb2013","12470","3300","6180","2700","1"
"Stoke-on-Trent","E06000021","feb2015","10880","3810","4520","1360","2"
"Stoke-on-Trent","E06000021","feb2016","10000","4090","4170","1190","3"
"Stratford-on-Avon","E07000221","feb2013","4170","770","1000","320","1"
"Stratford-on-Avon","E07000221","feb2015","3590","840","750","130","2"
"Stratford-on-Avon","E07000221","feb2016","3250","890","650","90","3"
"Stroud","E07000082","feb2013","3660","720","1130","470","1"
"Stroud","E07000082","feb2015","3190","760","800","230","2"
"Stroud","E07000082","feb2016","2900","810","690","140","3"
"Suffolk Coastal","E07000205","feb2013","4310","1010","1050","450","1"
"Suffolk Coastal","E07000205","feb2015","3800","1030","700","130","2"
"Suffolk Coastal","E07000205","feb2016","3460","1100","630","100","3"
"Sunderland","E08000024","feb2013","17400","4280","6980","3360","1"
"Sunderland","E08000024","feb2015","15290","5100","5160","1950","2"
"Sunderland","E08000024","feb2016","14110","5660","4820","1650","3"
"Surrey Heath","E07000214","feb2013","1590","440","660","300","1"
"Surrey Heath","E07000214","feb2015","1460","470","430","120","2"
"Surrey Heath","E07000214","feb2016","1350","520","380","90","3"
"Sutton","E09000029","feb2013","5270","1590","2780","1330","1"
"Sutton","E09000029","feb2015","4630","1730","1890","740","2"
"Sutton","E09000029","feb2016","4230","1810","1500","450","3"
"Swale","E07000113","feb2013","5450","2000","2940","1120","1"
"Swale","E07000113","feb2015","4840","2300","2280","670","2"
"Swale","E07000113","feb2016","4470","2560","2120","540","3"
"Swindon","E06000030","feb2013","6630","1730","3130","1640","1"
"Swindon","E06000030","feb2015","5870","2000","2260","790","2"
"Swindon","E06000030","feb2016","5400","2150","1990","600","3"
"Tameside","E08000008","feb2013","10590","2620","4960","2380","1"
"Tameside","E08000008","feb2015","9290","3070","3500","840","2"
"Tameside","E08000008","feb2016","8600","3310","2990","720","3"
"Tamworth","E07000199","feb2013","3280","970","1420","570","1"
"Tamworth","E07000199","feb2015","2870","1060","1060","130","2"
"Tamworth","E07000199","feb2016","2620","1120","1000","140","3"
"Tandridge","E07000215","feb2013","1840","470","800","370","1"
"Tandridge","E07000215","feb2015","1610","540","550","180","2"
"Tandridge","E07000215","feb2016","1460","580","530","140","3"
"Taunton Deane","E07000190","feb2013","4070","830","1580","520","1"
"Taunton Deane","E07000190","feb2015","3610","890","970","240","2"
"Taunton Deane","E07000190","feb2016","3410","950","820","240","3"
"Teignbridge","E07000045","feb2013","5820","1120","1560","530","1"
"Teignbridge","E07000045","feb2015","5130","1280","1110","270","2"
"Teignbridge","E07000045","feb2016","4720","1360","990","200","3"
"Telford and Wrekin","E06000020","feb2013","7090","2330","3690","1690","1"
"Telford and Wrekin","E06000020","feb2015","6320","2710","2830","750","2"
"Telford and Wrekin","E06000020","feb2016","5870","2950","2610","500","3"
"Tendring","E07000076","feb2013","8860","1870","3160","1110","1"
"Tendring","E07000076","feb2015","7910","2230","2160","710","2"
"Tendring","E07000076","feb2016","7400","2440","1960","610","3"
"Test Valley","E07000093","feb2013","3150","740","1090","410","1"
"Test Valley","E07000093","feb2015","2710","880","780","180","2"
"Test Valley","E07000093","feb2016","2460","930","660","140","3"
"Tewkesbury","E07000083","feb2013","2520","570","880","390","1"
"Tewkesbury","E07000083","feb2015","2230","630","680","210","2"
"Tewkesbury","E07000083","feb2016","2040","650","610","150","3"
"Thanet","E07000114","feb2013","8160","2030","3290","1600","1"
"Thanet","E07000114","feb2015","7230","2370","2240","950","2"
"Thanet","E07000114","feb2016","6720","2570","2110","860","3"
"Three Rivers","E07000102","feb2013","2170","540","930","390","1"
"Three Rivers","E07000102","feb2015","1950","570","600","200","2"
"Three Rivers","E07000102","feb2016","1810","600","520","180","3"
"Thurrock","E06000034","feb2013","5240","1570","3090","1760","1"
"Thurrock","E06000034","feb2015","4560","1840","2270","920","2"
"Thurrock","E06000034","feb2016","4240","1990","2080","720","3"
"Tonbridge and Malling","E07000115","feb2013","3180","1010","1340","540","1"
"Tonbridge and Malling","E07000115","feb2015","2790","1150","1010","310","2"
"Tonbridge and Malling","E07000115","feb2016","2550","1250","940","250","3"
"Torbay","E06000027","feb2013","8580","1900","3090","1110","1"
"Torbay","E06000027","feb2015","7690","2050","2130","570","2"
"Torbay","E06000027","feb2016","7110","2160","1880","530","3"
"Torridge","E07000046","feb2013","3180","690","930","370","1"
"Torridge","E07000046","feb2015","2850","750","570","190","2"
"Torridge","E07000046","feb2016","2630","800","510","150","3"
"Tower Hamlets","E09000030","feb2013","10120","3890","7530","3980","1"
"Tower Hamlets","E09000030","feb2015","9420","4410","4380","2110","2"
"Tower Hamlets","E09000030","feb2016","9040","4860","4020","1780","3"
"Trafford","E08000009","feb2013","7660","1870","3240","1540","1"
"Trafford","E08000009","feb2015","6770","2090","2130","550","2"
"Trafford","E08000009","feb2016","6260","2230","1810","500","3"
"Tunbridge Wells","E07000116","feb2013","3080","760","1210","360","1"
"Tunbridge Wells","E07000116","feb2015","2690","780","770","200","2"
"Tunbridge Wells","E07000116","feb2016","2490","830","690","170","3"
"Uttlesford","E07000077","feb2013","2080","430","560","260","1"
"Uttlesford","E07000077","feb2015","1790","470","390","130","2"
"Uttlesford","E07000077","feb2016","1670","480","330","90","3"
"Vale of White Horse","E07000180","feb2013","2690","660","930","360","1"
"Vale of White Horse","E07000180","feb2015","2290","710","600","150","2"
"Vale of White Horse","E07000180","feb2016","2070","780","570","130","3"
"Wakefield","E08000036","feb2013","14430","4200","6360","3420","1"
"Wakefield","E08000036","feb2015","12530","4920","4330","1830","2"
"Wakefield","E08000036","feb2016","11500","5390","4010","1470","3"
"Walsall","E08000030","feb2013","15140","4230","6590","3640","1"
"Walsall","E08000030","feb2015","13360","4990","5410","2000","2"
"Walsall","E08000030","feb2016","12370","5430","5090","1460","3"
"Waltham Forest","E09000031","feb2013","8870","2560","6070","3790","1"
"Waltham Forest","E09000031","feb2015","8070","2810","3480","1980","2"
"Waltham Forest","E09000031","feb2016","7560","2990","3050","1550","3"
"Wandsworth","E09000032","feb2013","8850","2080","5140","2570","1"
"Wandsworth","E09000032","feb2015","7990","2330","3170","1480","2"
"Wandsworth","E09000032","feb2016","7460","2450","2800","1270","3"
"Warrington","E06000007","feb2013","7080","1900","2940","1510","1"
"Warrington","E06000007","feb2015","6160","2160","2080","610","2"
"Warrington","E06000007","feb2016","5690","2310","1670","420","3"
"Warwick","E07000222","feb2013","4130","800","1320","520","1"
"Warwick","E07000222","feb2015","3480","890","930","200","2"
"Warwick","E07000222","feb2016","3220","910","830","150","3"
"Watford","E07000103","feb2013","2390","630","1200","640","1"
"Watford","E07000103","feb2015","2140","700","800","350","2"
"Watford","E07000103","feb2016","2010","760","750","300","3"
"Waveney","E07000206","feb2013","6340","1590","2130","1030","1"
"Waveney","E07000206","feb2015","5490","1750","1550","440","2"
"Waveney","E07000206","feb2016","5060","1870","1370","330","3"
"Waverley","E07000216","feb2013","2810","580","810","350","1"
"Waverley","E07000216","feb2015","2460","680","560","160","2"
"Waverley","E07000216","feb2016","2240","710","480","130","3"
"Wealden","E07000065","feb2013","5000","890","1280","430","1"
"Wealden","E07000065","feb2015","4440","1030","870","240","2"
"Wealden","E07000065","feb2016","4020","1100","820","200","3"
"Wellingborough","E07000156","feb2013","3070","780","1400","810","1"
"Wellingborough","E07000156","feb2015","2730","910","1020","430","2"
"Wellingborough","E07000156","feb2016","2520","960","930","300","3"
"Welwyn Hatfield","E07000241","feb2013","2990","740","1540","620","1"
"Welwyn Hatfield","E07000241","feb2015","2580","880","1100","350","2"
"Welwyn Hatfield","E07000241","feb2016","2360","960","980","290","3"
"West Berkshire","E06000037","feb2013","3480","900","1530","660","1"
"West Berkshire","E06000037","feb2015","3040","1020","1090","260","2"
"West Berkshire","E06000037","feb2016","2810","1080","940","180","3"
"West Devon","E07000047","feb2013","2180","430","610","200","1"
"West Devon","E07000047","feb2015","1960","480","420","80","2"
"West Devon","E07000047","feb2016","1790","490","340","80","3"
"West Dorset","E07000052","feb2013","3970","710","960","260","1"
"West Dorset","E07000052","feb2015","3520","800","600","140","2"
"West Dorset","E07000052","feb2016","3240","870","510","120","3"
"West Lancashire","E07000127","feb2013","5140","1290","1860","720","1"
"West Lancashire","E07000127","feb2015","4520","1420","1290","260","2"
"West Lancashire","E07000127","feb2016","4200","1500","1050","220","3"
"West Lindsey","E07000142","feb2013","3680","940","1210","720","1"
"West Lindsey","E07000142","feb2015","3260","1160","1000","440","2"
"West Lindsey","E07000142","feb2016","3000","1240","920","370","3"
"West Oxfordshire","E07000181","feb2013","2600","580","810","320","1"
"West Oxfordshire","E07000181","feb2015","2260","620","560","190","2"
"West Oxfordshire","E07000181","feb2016","2080","670","500","130","3"
"West Somerset","E07000191","feb2013","1880","320","470","150","1"
"West Somerset","E07000191","feb2015","1710","350","320","60","2"
"West Somerset","E07000191","feb2016","1580","380","270","30","3"
"Westminster","E09000033","feb2013","8120","2100","5300","1890","1"
"Westminster","E09000033","feb2015","7680","2290","2570","1160","2"
"Westminster","E09000033","feb2016","7230","2410","2170","1070","3"
"Weymouth and Portland","E07000053","feb2013","2840","700","1260","410","1"
"Weymouth and Portland","E07000053","feb2015","2550","830","830","220","2"
"Weymouth and Portland","E07000053","feb2016","2360","910","690","210","3"
"Wigan","E08000010","feb2013","14880","3860","5990","3080","1"
"Wigan","E08000010","feb2015","13100","4620","4020","1300","2"
"Wigan","E08000010","feb2016","11960","4970","3400","980","3"
"Wiltshire","E06000054","feb2013","13900","3400","5020","2020","1"
"Wiltshire","E06000054","feb2015","12230","3800","3450","970","2"
"Wiltshire","E06000054","feb2016","11130","4070","3070","700","3"
"Winchester","E07000094","feb2013","2960","640","940","320","1"
"Winchester","E07000094","feb2015","2630","680","570","140","2"
"Winchester","E07000094","feb2016","2430","710","500","140","3"
"Windsor and Maidenhead","E06000040","feb2013","3370","690","1050","620","1"
"Windsor and Maidenhead","E06000040","feb2015","2930","770","690","270","2"
"Windsor and Maidenhead","E06000040","feb2016","2680","800","620","210","3"
"Wirral","E08000015","feb2013","16260","5030","8320","2520","1"
"Wirral","E08000015","feb2015","14430","5800","5620","1100","2"
"Wirral","E08000015","feb2016","13370","6080","4800","730","3"
"Woking","E07000217","feb2013","2070","640","940","370","1"
"Woking","E07000217","feb2015","1860","750","590","170","2"
"Woking","E07000217","feb2016","1710","780","550","130","3"
"Wokingham","E06000041","feb2013","2460","730","1090","470","1"
"Wokingham","E06000041","feb2015","2190","760","760","230","2"
"Wokingham","E06000041","feb2016","2020","800","670","170","3"
"Wolverhampton","E08000031","feb2013","14190","3750","6420","4420","1"
"Wolverhampton","E08000031","feb2015","12640","4240","5030","2680","2"
"Wolverhampton","E08000031","feb2016","11550","4470","4630","2310","3"
"Worcester","E07000237","feb2013","3350","960","1490","690","1"
"Worcester","E07000237","feb2015","2950","1060","1050","380","2"
"Worcester","E07000237","feb2016","2690","1140","960","290","3"
"Worthing","E07000229","feb2013","4200","770","1520","590","1"
"Worthing","E07000229","feb2015","3700","910","970","260","2"
"Worthing","E07000229","feb2016","3410","970","850","210","3"
"Wychavon","E07000238","feb2013","4130","1000","1130","570","1"
"Wychavon","E07000238","feb2015","3660","1120","820","280","2"
"Wychavon","E07000238","feb2016","3330","1230","760","200","3"
"Wycombe","E07000007","feb2013","4000","1200","1480","910","1"
"Wycombe","E07000007","feb2015","3510","1330","1090","470","2"
"Wycombe","E07000007","feb2016","3270","1390","1010","370","3"
"Wyre","E07000128","feb2013","5470","1160","1510","550","1"
"Wyre","E07000128","feb2015","4850","1340","1090","230","2"
"Wyre","E07000128","feb2016","4480","1450","910","170","3"
"Wyre Forest","E07000239","feb2013","4640","1050","1590","730","1"
"Wyre Forest","E07000239","feb2015","4080","1170","1170","320","2"
"Wyre Forest","E07000239","feb2016","3700","1230","1020","230","3"
"York","E06000014","feb2013","5780","1050","1950","1010","1"
"York","E06000014","feb2015","5000","1190","1270","370","2"
"York","E06000014","feb2016","4530","1240","1050","240","3"
